rank_test_macro_f1,mean_test_macro_f1,mean_test_weighted_f1,mean_test_accuracy,mean_train_macro_f1,mean_train_weighted_f1,mean_train_accuracy,param_tfidf__min_df,param_tfidf__max_df,param_tfidf__ngram_range,param_tfidf__max_features,param_clf__C
1,0.8420437570360422,0.8430694778972608,0.8422090729783037,0.9942885582172417,0.994300623518978,0.9942985135410304,3,0.85,"(1, 2)",30000,3.0
1,0.8420437570360422,0.8430694778972608,0.8422090729783037,0.9942885582172417,0.994300623518978,0.9942985135410304,3,0.75,"(1, 2)",30000,3.0
1,0.8420437570360422,0.8430694778972608,0.8422090729783037,0.9942885582172417,0.994300623518978,0.9942985135410304,3,0.95,"(1, 2)",30000,3.0
4,0.8417305261666931,0.8428597343035041,0.8422090729783037,0.9930657588356466,0.9930814797983507,0.9930767664426797,5,0.95,"(1, 2)",100000,3.0
4,0.8417305261666931,0.8428597343035041,0.8422090729783037,0.9930657588356466,0.9930814797983507,0.9930767664426797,5,0.85,"(1, 2)",30000,3.0
4,0.8417305261666931,0.8428597343035041,0.8422090729783037,0.9930657588356466,0.9930814797983507,0.9930767664426797,5,0.75,"(1, 2)",50000,3.0
4,0.8417305261666931,0.8428597343035041,0.8422090729783037,0.9930657588356466,0.9930814797983507,0.9930767664426797,5,0.85,"(1, 2)",50000,3.0
4,0.8417305261666931,0.8428597343035041,0.8422090729783037,0.9930657588356466,0.9930814797983507,0.9930767664426797,5,0.75,"(1, 2)",30000,3.0
4,0.8417305261666931,0.8428597343035041,0.8422090729783037,0.9930657588356466,0.9930814797983507,0.9930767664426797,5,0.95,"(1, 2)",30000,3.0
4,0.8417305261666931,0.8428597343035041,0.8422090729783037,0.9930657588356466,0.9930814797983507,0.9930767664426797,5,0.85,"(1, 2)",100000,3.0
4,0.8417305261666931,0.8428597343035041,0.8422090729783037,0.9930657588356466,0.9930814797983507,0.9930767664426797,5,0.95,"(1, 2)",50000,3.0
4,0.8417305261666931,0.8428597343035041,0.8422090729783037,0.9930657588356466,0.9930814797983507,0.9930767664426797,5,0.75,"(1, 2)",100000,3.0
13,0.8416778045682461,0.8431432604596418,0.8422090729783037,0.9959247178962144,0.9959277133928578,0.9959275096721645,2,0.85,"(1, 2)",100000,3.0
13,0.8416778045682461,0.8431432604596418,0.8422090729783037,0.9959247178962144,0.9959277133928578,0.9959275096721645,2,0.95,"(1, 2)",100000,3.0
13,0.8416778045682461,0.8431432604596418,0.8422090729783037,0.9959247178962144,0.9959277133928578,0.9959275096721645,2,0.75,"(1, 2)",100000,3.0
16,0.840067380928109,0.8410547056153734,0.8402366863905325,0.9947017779152771,0.9947072734119292,0.9947057625738139,3,0.75,"(1, 2)",100000,3.0
16,0.840067380928109,0.8410547056153734,0.8402366863905325,0.9947017779152771,0.9947072734119292,0.9947057625738139,3,0.85,"(1, 2)",100000,3.0
16,0.840067380928109,0.8410547056153734,0.8402366863905325,0.9947017779152771,0.9947072734119292,0.9947057625738139,3,0.95,"(1, 2)",100000,3.0
16,0.840067380928109,0.8410547056153734,0.8402366863905325,0.9947017779152771,0.9947072734119292,0.9947057625738139,3,0.85,"(1, 2)",50000,3.0
16,0.840067380928109,0.8410547056153734,0.8402366863905325,0.9947017779152771,0.9947072734119292,0.9947057625738139,3,0.75,"(1, 2)",50000,3.0
16,0.840067380928109,0.8410547056153734,0.8402366863905325,0.9947017779152771,0.9947072734119292,0.9947057625738139,3,0.95,"(1, 2)",50000,3.0
22,0.839740992123944,0.8411033123113356,0.8402366863905325,0.9953116355377455,0.9953182004747623,0.9953166361229893,2,0.95,"(1, 2)",50000,3.0
22,0.839740992123944,0.8411033123113356,0.8402366863905325,0.9953116355377455,0.9953182004747623,0.9953166361229893,2,0.75,"(1, 2)",50000,3.0
22,0.839740992123944,0.8411033123113356,0.8402366863905325,0.9953116355377455,0.9953182004747623,0.9953166361229893,2,0.85,"(1, 2)",50000,3.0
25,0.8388101697491877,0.8400165172654238,0.8392504930966469,0.9946934972370943,0.9947084860155936,0.9947057625738139,2,0.95,"(1, 2)",30000,3.0
25,0.8388101697491877,0.8400165172654238,0.8392504930966469,0.9946934972370943,0.9947084860155936,0.9947057625738139,2,0.85,"(1, 2)",30000,3.0
25,0.8388101697491877,0.8400165172654238,0.8392504930966469,0.9946934972370943,0.9947084860155936,0.9947057625738139,2,0.75,"(1, 2)",30000,3.0
28,0.836847409763747,0.8384004006359282,0.8372781065088757,0.981060457648464,0.9810931693503899,0.981062919975565,2,0.75,"(1, 2)",50000,1.0
28,0.836847409763747,0.8384004006359282,0.8372781065088757,0.981060457648464,0.9810931693503899,0.981062919975565,2,0.85,"(1, 2)",50000,1.0
28,0.836847409763747,0.8384004006359282,0.8372781065088757,0.981060457648464,0.9810931693503899,0.981062919975565,2,0.95,"(1, 2)",50000,1.0
31,0.8358648319724834,0.8372616560489299,0.8362919132149902,0.9779967884054012,0.9780401779810581,0.9780085522296884,3,0.85,"(1, 2)",100000,1.0
31,0.8358648319724834,0.8372616560489299,0.8362919132149902,0.9779967884054012,0.9780401779810581,0.9780085522296884,3,0.75,"(1, 2)",50000,1.0
31,0.8358648319724834,0.8372616560489299,0.8362919132149902,0.9779967884054012,0.9780401779810581,0.9780085522296884,3,0.95,"(1, 2)",50000,1.0
31,0.8358648319724834,0.8372616560489299,0.8362919132149902,0.9779967884054012,0.9780401779810581,0.9780085522296884,3,0.75,"(1, 2)",100000,1.0
31,0.8358648319724834,0.8372616560489299,0.8362919132149902,0.9779967884054012,0.9780401779810581,0.9780085522296884,3,0.85,"(1, 2)",50000,1.0
31,0.8358648319724834,0.8372616560489299,0.8362919132149902,0.9779967884054012,0.9780401779810581,0.9780085522296884,3,0.95,"(1, 2)",100000,1.0
37,0.8347661087050816,0.8361054262279074,0.8353057199211046,0.974948610512416,0.974997500688154,0.9749541844838119,3,0.75,"(1, 2)",30000,1.0
37,0.8347661087050816,0.8361054262279074,0.8353057199211046,0.974948610512416,0.974997500688154,0.9749541844838119,3,0.85,"(1, 2)",30000,1.0
37,0.8347661087050816,0.8361054262279074,0.8353057199211046,0.974948610512416,0.974997500688154,0.9749541844838119,3,0.95,"(1, 2)",30000,1.0
40,0.8340185561935719,0.8354571662044301,0.834319526627219,0.976792773262332,0.9768288252696655,0.9767868051313379,2,0.75,"(1, 2)",30000,1.0
40,0.8340185561935719,0.8354571662044301,0.834319526627219,0.976792773262332,0.9768288252696655,0.9767868051313379,2,0.85,"(1, 2)",30000,1.0
40,0.8340185561935719,0.8354571662044301,0.834319526627219,0.976792773262332,0.9768288252696655,0.9767868051313379,2,0.95,"(1, 2)",30000,1.0
43,0.8331467643629962,0.8341908655111909,0.8333333333333334,0.9704604696744543,0.9705302549938266,0.9704744451231928,5,0.85,"(1, 2)",100000,1.0
43,0.8331467643629962,0.8341908655111909,0.8333333333333334,0.9704604696744543,0.9705302549938266,0.9704744451231928,5,0.75,"(1, 2)",50000,1.0
43,0.8331467643629962,0.8341908655111909,0.8333333333333334,0.9704604696744543,0.9705302549938266,0.9704744451231928,5,0.75,"(1, 2)",100000,1.0
43,0.8331467643629962,0.8341908655111909,0.8333333333333334,0.9704604696744543,0.9705302549938266,0.9704744451231928,5,0.85,"(1, 2)",30000,1.0
43,0.8331467643629962,0.8341908655111909,0.8333333333333334,0.9704604696744543,0.9705302549938266,0.9704744451231928,5,0.85,"(1, 2)",50000,1.0
43,0.8331467643629962,0.8341908655111909,0.8333333333333334,0.9704604696744543,0.9705302549938266,0.9704744451231928,5,0.95,"(1, 2)",30000,1.0
43,0.8331467643629962,0.8341908655111909,0.8333333333333334,0.9704604696744543,0.9705302549938266,0.9704744451231928,5,0.95,"(1, 2)",50000,1.0
43,0.8331467643629962,0.8341908655111909,0.8333333333333334,0.9704604696744543,0.9705302549938266,0.9704744451231928,5,0.95,"(1, 2)",100000,1.0
43,0.8331467643629962,0.8341908655111909,0.8333333333333334,0.9704604696744543,0.9705302549938266,0.9704744451231928,5,0.75,"(1, 2)",30000,1.0
52,0.8328547872565002,0.8343879979328477,0.8333333333333334,0.9828854284463147,0.9829190424602107,0.982895540623091,2,0.85,"(1, 2)",100000,1.0
52,0.8328547872565002,0.8343879979328477,0.8333333333333334,0.9828854284463147,0.9829190424602107,0.982895540623091,2,0.75,"(1, 2)",100000,1.0
52,0.8328547872565002,0.8343879979328477,0.8333333333333334,0.9828854284463147,0.9829190424602107,0.982895540623091,2,0.95,"(1, 2)",100000,1.0
55,0.831833443917402,0.8330147342709109,0.8323471400394478,0.992048383014664,0.9920632192454371,0.9920586438607208,2,0.85,"(1, 1)",30000,3.0
55,0.831833443917402,0.8330147342709109,0.8323471400394478,0.992048383014664,0.9920632192454371,0.9920586438607208,2,0.95,"(1, 1)",50000,3.0
55,0.831833443917402,0.8330147342709109,0.8323471400394478,0.992048383014664,0.9920632192454371,0.9920586438607208,2,0.75,"(1, 1)",50000,3.0
55,0.831833443917402,0.8330147342709109,0.8323471400394478,0.992048383014664,0.9920632192454371,0.9920586438607208,2,0.85,"(1, 1)",100000,3.0
55,0.831833443917402,0.8330147342709109,0.8323471400394478,0.992048383014664,0.9920632192454371,0.9920586438607208,2,0.85,"(1, 1)",50000,3.0
55,0.831833443917402,0.8330147342709109,0.8323471400394478,0.992048383014664,0.9920632192454371,0.9920586438607208,2,0.75,"(1, 1)",100000,3.0
55,0.831833443917402,0.8330147342709109,0.8323471400394478,0.992048383014664,0.9920632192454371,0.9920586438607208,2,0.95,"(1, 1)",30000,3.0
55,0.831833443917402,0.8330147342709109,0.8323471400394478,0.992048383014664,0.9920632192454371,0.9920586438607208,2,0.95,"(1, 1)",100000,3.0
55,0.831833443917402,0.8330147342709109,0.8323471400394478,0.992048383014664,0.9920632192454371,0.9920586438607208,2,0.75,"(1, 1)",30000,3.0
64,0.8308268310471725,0.8319257811161352,0.8313609467455622,0.990420353110237,0.9904344357807043,0.9904296477295866,3,0.75,"(1, 1)",50000,3.0
64,0.8308268310471725,0.8319257811161352,0.8313609467455622,0.990420353110237,0.9904344357807043,0.9904296477295866,3,0.95,"(1, 1)",100000,3.0
64,0.8308268310471725,0.8319257811161352,0.8313609467455622,0.990420353110237,0.9904344357807043,0.9904296477295866,3,0.95,"(1, 1)",30000,3.0
64,0.8308268310471725,0.8319257811161352,0.8313609467455622,0.990420353110237,0.9904344357807043,0.9904296477295866,3,0.75,"(1, 1)",100000,3.0
64,0.8308268310471725,0.8319257811161352,0.8313609467455622,0.990420353110237,0.9904344357807043,0.9904296477295866,3,0.85,"(1, 1)",30000,3.0
64,0.8308268310471725,0.8319257811161352,0.8313609467455622,0.990420353110237,0.9904344357807043,0.9904296477295866,3,0.85,"(1, 1)",50000,3.0
64,0.8308268310471725,0.8319257811161352,0.8313609467455622,0.990420353110237,0.9904344357807043,0.9904296477295866,3,0.95,"(1, 1)",50000,3.0
64,0.8308268310471725,0.8319257811161352,0.8313609467455622,0.990420353110237,0.9904344357807043,0.9904296477295866,3,0.85,"(1, 1)",100000,3.0
64,0.8308268310471725,0.8319257811161352,0.8313609467455622,0.990420353110237,0.9904344357807043,0.9904296477295866,3,0.75,"(1, 1)",30000,3.0
73,0.8295598343609527,0.8309832707626474,0.8303747534516766,0.9891977207727278,0.9892204734934125,0.989207900631236,5,0.95,"(1, 1)",50000,3.0
73,0.8295598343609527,0.8309832707626474,0.8303747534516766,0.9891977207727278,0.9892204734934125,0.989207900631236,5,0.95,"(1, 1)",100000,3.0
73,0.8295598343609527,0.8309832707626474,0.8303747534516766,0.9891977207727278,0.9892204734934125,0.989207900631236,5,0.75,"(1, 1)",50000,3.0
73,0.8295598343609527,0.8309832707626474,0.8303747534516766,0.9891977207727278,0.9892204734934125,0.989207900631236,5,0.85,"(1, 1)",30000,3.0
73,0.8295598343609527,0.8309832707626474,0.8303747534516766,0.9891977207727278,0.9892204734934125,0.989207900631236,5,0.85,"(1, 1)",100000,3.0
73,0.8295598343609527,0.8309832707626474,0.8303747534516766,0.9891977207727278,0.9892204734934125,0.989207900631236,5,0.75,"(1, 1)",100000,3.0
73,0.8295598343609527,0.8309832707626474,0.8303747534516766,0.9891977207727278,0.9892204734934125,0.989207900631236,5,0.75,"(1, 1)",30000,3.0
73,0.8295598343609527,0.8309832707626474,0.8303747534516766,0.9891977207727278,0.9892204734934125,0.989207900631236,5,0.95,"(1, 1)",30000,3.0
73,0.8295598343609527,0.8309832707626474,0.8303747534516766,0.9891977207727278,0.9892204734934125,0.989207900631236,5,0.85,"(1, 1)",50000,3.0
82,0.8290382499029632,0.8302050698465212,0.8293885601577909,0.9651448446839648,0.9652142371612918,0.9651802076970067,3,0.85,"(1, 1)",100000,1.0
82,0.8290382499029632,0.8302050698465212,0.8293885601577909,0.9651448446839648,0.9652142371612918,0.9651802076970067,3,0.75,"(1, 1)",30000,1.0
82,0.8290382499029632,0.8302050698465212,0.8293885601577909,0.9651448446839648,0.9652142371612918,0.9651802076970067,3,0.75,"(1, 1)",50000,1.0
82,0.8290382499029632,0.8302050698465212,0.8293885601577909,0.9651448446839648,0.9652142371612918,0.9651802076970067,3,0.95,"(1, 1)",100000,1.0
82,0.8290382499029632,0.8302050698465212,0.8293885601577909,0.9651448446839648,0.9652142371612918,0.9651802076970067,3,0.75,"(1, 1)",100000,1.0
82,0.8290382499029632,0.8302050698465212,0.8293885601577909,0.9651448446839648,0.9652142371612918,0.9651802076970067,3,0.85,"(1, 1)",30000,1.0
82,0.8290382499029632,0.8302050698465212,0.8293885601577909,0.9651448446839648,0.9652142371612918,0.9651802076970067,3,0.95,"(1, 1)",50000,1.0
82,0.8290382499029632,0.8302050698465212,0.8293885601577909,0.9651448446839648,0.9652142371612918,0.9651802076970067,3,0.95,"(1, 1)",30000,1.0
82,0.8290382499029632,0.8302050698465212,0.8293885601577909,0.9651448446839648,0.9652142371612918,0.9651802076970067,3,0.85,"(1, 1)",50000,1.0
91,0.8279888408431136,0.8294135918039525,0.8284023668639053,0.9692412099388062,0.9692909375274298,0.9692526980248422,2,0.75,"(1, 1)",100000,1.0
91,0.8279888408431136,0.8294135918039525,0.8284023668639053,0.9692412099388062,0.9692909375274298,0.9692526980248422,2,0.95,"(1, 1)",100000,1.0
91,0.8279888408431136,0.8294135918039525,0.8284023668639053,0.9692412099388062,0.9692909375274298,0.9692526980248422,2,0.95,"(1, 1)",30000,1.0
91,0.8279888408431136,0.8294135918039525,0.8284023668639053,0.9692412099388062,0.9692909375274298,0.9692526980248422,2,0.75,"(1, 1)",30000,1.0
91,0.8279888408431136,0.8294135918039525,0.8284023668639053,0.9692412099388062,0.9692909375274298,0.9692526980248422,2,0.75,"(1, 1)",50000,1.0
91,0.8279888408431136,0.8294135918039525,0.8284023668639053,0.9692412099388062,0.9692909375274298,0.9692526980248422,2,0.85,"(1, 1)",100000,1.0
91,0.8279888408431136,0.8294135918039525,0.8284023668639053,0.9692412099388062,0.9692909375274298,0.9692526980248422,2,0.95,"(1, 1)",50000,1.0
91,0.8279888408431136,0.8294135918039525,0.8284023668639053,0.9692412099388062,0.9692909375274298,0.9692526980248422,2,0.85,"(1, 1)",50000,1.0
91,0.8279888408431136,0.8294135918039525,0.8284023668639053,0.9692412099388062,0.9692909375274298,0.9692526980248422,2,0.85,"(1, 1)",30000,1.0
100,0.8238181275157965,0.8252679632575476,0.8244575936883629,0.9368351774627179,0.9370006965021039,0.9368763999185502,2,0.95,"(1, 2)",30000,0.3
100,0.8238181275157965,0.8252679632575476,0.8244575936883629,0.9368351774627179,0.9370006965021039,0.9368763999185502,2,0.85,"(1, 2)",30000,0.3
100,0.8238181275157965,0.8252679632575476,0.8244575936883629,0.9368351774627179,0.9370006965021039,0.9368763999185502,2,0.75,"(1, 2)",30000,0.3
103,0.8231175395900835,0.8242176010340065,0.8234714003944773,0.9608553394371863,0.9609388439111329,0.9609040928527794,5,0.85,"(1, 1)",100000,1.0
103,0.8231175395900835,0.8242176010340065,0.8234714003944773,0.9608553394371863,0.9609388439111329,0.9609040928527794,5,0.95,"(1, 1)",100000,1.0
103,0.8231175395900835,0.8242176010340065,0.8234714003944773,0.9608553394371863,0.9609388439111329,0.9609040928527794,5,0.75,"(1, 1)",30000,1.0
103,0.8231175395900835,0.8242176010340065,0.8234714003944773,0.9608553394371863,0.9609388439111329,0.9609040928527794,5,0.85,"(1, 1)",30000,1.0
103,0.8231175395900835,0.8242176010340065,0.8234714003944773,0.9608553394371863,0.9609388439111329,0.9609040928527794,5,0.75,"(1, 1)",50000,1.0
103,0.8231175395900835,0.8242176010340065,0.8234714003944773,0.9608553394371863,0.9609388439111329,0.9609040928527794,5,0.95,"(1, 1)",50000,1.0
103,0.8231175395900835,0.8242176010340065,0.8234714003944773,0.9608553394371863,0.9609388439111329,0.9609040928527794,5,0.75,"(1, 1)",100000,1.0
103,0.8231175395900835,0.8242176010340065,0.8234714003944773,0.9608553394371863,0.9609388439111329,0.9609040928527794,5,0.95,"(1, 1)",30000,1.0
103,0.8231175395900835,0.8242176010340065,0.8234714003944773,0.9608553394371863,0.9609388439111329,0.9609040928527794,5,0.85,"(1, 1)",50000,1.0
112,0.8219426862360831,0.8232548807362847,0.8224852071005917,0.9350763619997732,0.9352313549019532,0.9350437792710242,3,0.85,"(1, 2)",30000,0.3
112,0.8219426862360831,0.8232548807362847,0.8224852071005917,0.9350763619997732,0.9352313549019532,0.9350437792710242,3,0.95,"(1, 2)",30000,0.3
112,0.8219426862360831,0.8232548807362847,0.8224852071005917,0.9350763619997732,0.9352313549019532,0.9350437792710242,3,0.75,"(1, 2)",30000,0.3
115,0.820191900913925,0.821231765395485,0.8205128205128205,0.9269321153861997,0.9270938327127956,0.9268987986153533,5,0.95,"(1, 2)",100000,0.3
115,0.820191900913925,0.821231765395485,0.8205128205128205,0.9269321153861997,0.9270938327127956,0.9268987986153533,5,0.95,"(1, 2)",30000,0.3
115,0.820191900913925,0.821231765395485,0.8205128205128205,0.9269321153861997,0.9270938327127956,0.9268987986153533,5,0.85,"(1, 2)",30000,0.3
115,0.820191900913925,0.821231765395485,0.8205128205128205,0.9269321153861997,0.9270938327127956,0.9268987986153533,5,0.75,"(1, 2)",100000,0.3
115,0.820191900913925,0.821231765395485,0.8205128205128205,0.9269321153861997,0.9270938327127956,0.9268987986153533,5,0.85,"(1, 2)",100000,0.3
115,0.820191900913925,0.821231765395485,0.8205128205128205,0.9269321153861997,0.9270938327127956,0.9268987986153533,5,0.75,"(1, 2)",50000,0.3
115,0.820191900913925,0.821231765395485,0.8205128205128205,0.9269321153861997,0.9270938327127956,0.9268987986153533,5,0.85,"(1, 2)",50000,0.3
115,0.820191900913925,0.821231765395485,0.8205128205128205,0.9269321153861997,0.9270938327127956,0.9268987986153533,5,0.95,"(1, 2)",50000,0.3
115,0.820191900913925,0.821231765395485,0.8205128205128205,0.9269321153861997,0.9270938327127956,0.9268987986153533,5,0.75,"(1, 2)",30000,0.3
124,0.8200281577145032,0.8212988560780086,0.8205128205128205,0.9429646289495944,0.943093454497644,0.9429851354103034,2,0.95,"(1, 2)",50000,0.3
124,0.8200281577145032,0.8212988560780086,0.8205128205128205,0.9429646289495944,0.943093454497644,0.9429851354103034,2,0.85,"(1, 2)",50000,0.3
124,0.8200281577145032,0.8212988560780086,0.8205128205128205,0.9429646289495944,0.943093454497644,0.9429851354103034,2,0.75,"(1, 2)",50000,0.3
127,0.8190211925754648,0.8203071455347865,0.8195266272189349,0.9395184675269668,0.9396551200771912,0.9395235186316433,3,0.95,"(1, 2)",50000,0.3
127,0.8190211925754648,0.8203071455347865,0.8195266272189349,0.9395184675269668,0.9396551200771912,0.9395235186316433,3,0.75,"(1, 2)",50000,0.3
127,0.8190211925754648,0.8203071455347865,0.8195266272189349,0.9395184675269668,0.9396551200771912,0.9395235186316433,3,0.85,"(1, 2)",50000,0.3
127,0.8190211925754648,0.8203071455347865,0.8195266272189349,0.9395184675269668,0.9396551200771912,0.9395235186316433,3,0.75,"(1, 2)",100000,0.3
127,0.8190211925754648,0.8203071455347865,0.8195266272189349,0.9395184675269668,0.9396551200771912,0.9395235186316433,3,0.85,"(1, 2)",100000,0.3
127,0.8190211925754648,0.8203071455347865,0.8195266272189349,0.9395184675269668,0.9396551200771912,0.9395235186316433,3,0.95,"(1, 2)",100000,0.3
133,0.8189159200076338,0.8202738407089952,0.8195266272189349,0.9152824296240277,0.9154739416433777,0.9152922011810222,5,0.75,"(1, 1)",50000,0.3
133,0.8189159200076338,0.8202738407089952,0.8195266272189349,0.9152824296240277,0.9154739416433777,0.9152922011810222,5,0.75,"(1, 1)",100000,0.3
133,0.8189159200076338,0.8202738407089952,0.8195266272189349,0.9152824296240277,0.9154739416433777,0.9152922011810222,5,0.75,"(1, 1)",30000,0.3
133,0.8189159200076338,0.8202738407089952,0.8195266272189349,0.9152824296240277,0.9154739416433777,0.9152922011810222,5,0.95,"(1, 1)",100000,0.3
133,0.8189159200076338,0.8202738407089952,0.8195266272189349,0.9152824296240277,0.9154739416433777,0.9152922011810222,5,0.85,"(1, 1)",30000,0.3
133,0.8189159200076338,0.8202738407089952,0.8195266272189349,0.9152824296240277,0.9154739416433777,0.9152922011810222,5,0.95,"(1, 1)",50000,0.3
133,0.8189159200076338,0.8202738407089952,0.8195266272189349,0.9152824296240277,0.9154739416433777,0.9152922011810222,5,0.85,"(1, 1)",50000,0.3
133,0.8189159200076338,0.8202738407089952,0.8195266272189349,0.9152824296240277,0.9154739416433777,0.9152922011810222,5,0.95,"(1, 1)",30000,0.3
133,0.8189159200076338,0.8202738407089952,0.8195266272189349,0.9152824296240277,0.9154739416433777,0.9152922011810222,5,0.85,"(1, 1)",100000,0.3
142,0.8176095359103345,0.8191162028932865,0.8185404339250493,0.951300537394099,0.9514140874398593,0.9513337405823661,2,0.75,"(1, 2)",100000,0.3
142,0.8176095359103345,0.8191162028932865,0.8185404339250493,0.951300537394099,0.9514140874398593,0.9513337405823661,2,0.95,"(1, 2)",100000,0.3
142,0.8176095359103345,0.8191162028932865,0.8185404339250493,0.951300537394099,0.9514140874398593,0.9513337405823661,2,0.85,"(1, 2)",100000,0.3
145,0.8148428178280381,0.8161947526990877,0.8155818540433925,0.9232423617335436,0.9234121509144338,0.9232335573203013,3,0.85,"(1, 1)",30000,0.3
145,0.8148428178280381,0.8161947526990877,0.8155818540433925,0.9232423617335436,0.9234121509144338,0.9232335573203013,3,0.75,"(1, 1)",30000,0.3
145,0.8148428178280381,0.8161947526990877,0.8155818540433925,0.9232423617335436,0.9234121509144338,0.9232335573203013,3,0.85,"(1, 1)",100000,0.3
145,0.8148428178280381,0.8161947526990877,0.8155818540433925,0.9232423617335436,0.9234121509144338,0.9232335573203013,3,0.75,"(1, 1)",50000,0.3
145,0.8148428178280381,0.8161947526990877,0.8155818540433925,0.9232423617335436,0.9234121509144338,0.9232335573203013,3,0.95,"(1, 1)",30000,0.3
145,0.8148428178280381,0.8161947526990877,0.8155818540433925,0.9232423617335436,0.9234121509144338,0.9232335573203013,3,0.75,"(1, 1)",100000,0.3
145,0.8148428178280381,0.8161947526990877,0.8155818540433925,0.9232423617335436,0.9234121509144338,0.9232335573203013,3,0.95,"(1, 1)",100000,0.3
145,0.8148428178280381,0.8161947526990877,0.8155818540433925,0.9232423617335436,0.9234121509144338,0.9232335573203013,3,0.85,"(1, 1)",50000,0.3
145,0.8148428178280381,0.8161947526990877,0.8155818540433925,0.9232423617335436,0.9234121509144338,0.9232335573203013,3,0.95,"(1, 1)",50000,0.3
154,0.8126930882558836,0.8142374582873344,0.8136094674556213,0.9256668640648217,0.9258303874583242,0.9256770515170026,2,0.95,"(1, 1)",100000,0.3
154,0.8126930882558836,0.8142374582873344,0.8136094674556213,0.9256668640648217,0.9258303874583242,0.9256770515170026,2,0.75,"(1, 1)",50000,0.3
154,0.8126930882558836,0.8142374582873344,0.8136094674556213,0.9256668640648217,0.9258303874583242,0.9256770515170026,2,0.75,"(1, 1)",30000,0.3
154,0.8126930882558836,0.8142374582873344,0.8136094674556213,0.9256668640648217,0.9258303874583242,0.9256770515170026,2,0.85,"(1, 1)",100000,0.3
154,0.8126930882558836,0.8142374582873344,0.8136094674556213,0.9256668640648217,0.9258303874583242,0.9256770515170026,2,0.75,"(1, 1)",100000,0.3
154,0.8126930882558836,0.8142374582873344,0.8136094674556213,0.9256668640648217,0.9258303874583242,0.9256770515170026,2,0.95,"(1, 1)",30000,0.3
154,0.8126930882558836,0.8142374582873344,0.8136094674556213,0.9256668640648217,0.9258303874583242,0.9256770515170026,2,0.85,"(1, 1)",30000,0.3
154,0.8126930882558836,0.8142374582873344,0.8136094674556213,0.9256668640648217,0.9258303874583242,0.9256770515170026,2,0.85,"(1, 1)",50000,0.3
154,0.8126930882558836,0.8142374582873344,0.8136094674556213,0.9256668640648217,0.9258303874583242,0.9256770515170026,2,0.95,"(1, 1)",50000,0.3
163,0.7987337361496729,0.8005143819390859,0.8007889546351085,0.914440336018643,0.9146407151381613,0.9144777031154551,2,0.75,"(1, 2)",50000,0.1
163,0.7987337361496729,0.8005143819390859,0.8007889546351085,0.914440336018643,0.9146407151381613,0.9144777031154551,2,0.85,"(1, 2)",50000,0.1
163,0.7987337361496729,0.8005143819390859,0.8007889546351085,0.914440336018643,0.9146407151381613,0.9144777031154551,2,0.95,"(1, 2)",50000,0.1
166,0.7985979006006154,0.8003382690520171,0.8007889546351085,0.9029252962526213,0.903183147549741,0.9030747301975158,3,0.95,"(1, 2)",30000,0.1
166,0.7985979006006154,0.8003382690520171,0.8007889546351085,0.9029252962526213,0.903183147549741,0.9030747301975158,3,0.75,"(1, 2)",30000,0.1
166,0.7985979006006154,0.8003382690520171,0.8007889546351085,0.9029252962526213,0.903183147549741,0.9030747301975158,3,0.85,"(1, 2)",30000,0.1
169,0.7972631220058188,0.7989213560025011,0.7998027613412229,0.9212175460539483,0.9213959444192822,0.9211973121563837,2,0.75,"(1, 2)",100000,0.1
169,0.7972631220058188,0.7989213560025011,0.7998027613412229,0.9212175460539483,0.9213959444192822,0.9211973121563837,2,0.85,"(1, 2)",100000,0.1
169,0.7972631220058188,0.7989213560025011,0.7998027613412229,0.9212175460539483,0.9213959444192822,0.9211973121563837,2,0.95,"(1, 2)",100000,0.1
172,0.7966239685894231,0.7981837667259758,0.7988165680473372,0.9064142809610685,0.9066583691604698,0.9065363469761759,2,0.75,"(1, 2)",30000,0.1
172,0.7966239685894231,0.7981837667259758,0.7988165680473372,0.9064142809610685,0.9066583691604698,0.9065363469761759,2,0.85,"(1, 2)",30000,0.1
172,0.7966239685894231,0.7981837667259758,0.7988165680473372,0.9064142809610685,0.9066583691604698,0.9065363469761759,2,0.95,"(1, 2)",30000,0.1
175,0.7965279711091728,0.7982615242434972,0.7988165680473372,0.9103458730876974,0.9105625474224546,0.9104052127876197,3,0.95,"(1, 2)",50000,0.1
175,0.7965279711091728,0.7982615242434972,0.7988165680473372,0.9103458730876974,0.9105625474224546,0.9104052127876197,3,0.95,"(1, 2)",100000,0.1
175,0.7965279711091728,0.7982615242434972,0.7988165680473372,0.9103458730876974,0.9105625474224546,0.9104052127876197,3,0.75,"(1, 2)",50000,0.1
175,0.7965279711091728,0.7982615242434972,0.7988165680473372,0.9103458730876974,0.9105625474224546,0.9104052127876197,3,0.85,"(1, 2)",50000,0.1
175,0.7965279711091728,0.7982615242434972,0.7988165680473372,0.9103458730876974,0.9105625474224546,0.9104052127876197,3,0.85,"(1, 2)",100000,0.1
175,0.7965279711091728,0.7982615242434972,0.7988165680473372,0.9103458730876974,0.9105625474224546,0.9104052127876197,3,0.75,"(1, 2)",100000,0.1
181,0.7927372484125728,0.7941751564051149,0.7948717948717948,0.8949947119866909,0.8953015365194693,0.8953369985746283,5,0.85,"(1, 2)",50000,0.1
181,0.7927372484125728,0.7941751564051149,0.7948717948717948,0.8949947119866909,0.8953015365194693,0.8953369985746283,5,0.95,"(1, 2)",100000,0.1
181,0.7927372484125728,0.7941751564051149,0.7948717948717948,0.8949947119866909,0.8953015365194693,0.8953369985746283,5,0.75,"(1, 2)",100000,0.1
181,0.7927372484125728,0.7941751564051149,0.7948717948717948,0.8949947119866909,0.8953015365194693,0.8953369985746283,5,0.95,"(1, 2)",50000,0.1
181,0.7927372484125728,0.7941751564051149,0.7948717948717948,0.8949947119866909,0.8953015365194693,0.8953369985746283,5,0.75,"(1, 2)",30000,0.1
181,0.7927372484125728,0.7941751564051149,0.7948717948717948,0.8949947119866909,0.8953015365194693,0.8953369985746283,5,0.95,"(1, 2)",30000,0.1
181,0.7927372484125728,0.7941751564051149,0.7948717948717948,0.8949947119866909,0.8953015365194693,0.8953369985746283,5,0.75,"(1, 2)",50000,0.1
181,0.7927372484125728,0.7941751564051149,0.7948717948717948,0.8949947119866909,0.8953015365194693,0.8953369985746283,5,0.85,"(1, 2)",100000,0.1
181,0.7927372484125728,0.7941751564051149,0.7948717948717948,0.8949947119866909,0.8953015365194693,0.8953369985746283,5,0.85,"(1, 2)",30000,0.1
190,0.7906846008140201,0.7919695424281308,0.7928994082840237,0.8856336330229748,0.8859387557745687,0.8859702708206068,5,0.95,"(1, 1)",30000,0.1
190,0.7906846008140201,0.7919695424281308,0.7928994082840237,0.8856336330229748,0.8859387557745687,0.8859702708206068,5,0.75,"(1, 1)",50000,0.1
190,0.7906846008140201,0.7919695424281308,0.7928994082840237,0.8856336330229748,0.8859387557745687,0.8859702708206068,5,0.85,"(1, 1)",30000,0.1
190,0.7906846008140201,0.7919695424281308,0.7928994082840237,0.8856336330229748,0.8859387557745687,0.8859702708206068,5,0.85,"(1, 1)",100000,0.1
190,0.7906846008140201,0.7919695424281308,0.7928994082840237,0.8856336330229748,0.8859387557745687,0.8859702708206068,5,0.95,"(1, 1)",100000,0.1
190,0.7906846008140201,0.7919695424281308,0.7928994082840237,0.8856336330229748,0.8859387557745687,0.8859702708206068,5,0.85,"(1, 1)",50000,0.1
190,0.7906846008140201,0.7919695424281308,0.7928994082840237,0.8856336330229748,0.8859387557745687,0.8859702708206068,5,0.75,"(1, 1)",100000,0.1
190,0.7906846008140201,0.7919695424281308,0.7928994082840237,0.8856336330229748,0.8859387557745687,0.8859702708206068,5,0.75,"(1, 1)",30000,0.1
190,0.7906846008140201,0.7919695424281308,0.7928994082840237,0.8856336330229748,0.8859387557745687,0.8859702708206068,5,0.95,"(1, 1)",50000,0.1
199,0.7865730985977663,0.7882224381063879,0.7889546351084813,0.8929991650949656,0.8932901068221067,0.8933007534107107,3,0.75,"(1, 1)",30000,0.1
199,0.7865730985977663,0.7882224381063879,0.7889546351084813,0.8929991650949656,0.8932901068221067,0.8933007534107107,3,0.75,"(1, 1)",50000,0.1
199,0.7865730985977663,0.7882224381063879,0.7889546351084813,0.8929991650949656,0.8932901068221067,0.8933007534107107,3,0.95,"(1, 1)",100000,0.1
199,0.7865730985977663,0.7882224381063879,0.7889546351084813,0.8929991650949656,0.8932901068221067,0.8933007534107107,3,0.85,"(1, 1)",30000,0.1
199,0.7865730985977663,0.7882224381063879,0.7889546351084813,0.8929991650949656,0.8932901068221067,0.8933007534107107,3,0.95,"(1, 1)",50000,0.1
199,0.7865730985977663,0.7882224381063879,0.7889546351084813,0.8929991650949656,0.8932901068221067,0.8933007534107107,3,0.85,"(1, 1)",50000,0.1
199,0.7865730985977663,0.7882224381063879,0.7889546351084813,0.8929991650949656,0.8932901068221067,0.8933007534107107,3,0.85,"(1, 1)",100000,0.1
199,0.7865730985977663,0.7882224381063879,0.7889546351084813,0.8929991650949656,0.8932901068221067,0.8933007534107107,3,0.95,"(1, 1)",30000,0.1
199,0.7865730985977663,0.7882224381063879,0.7889546351084813,0.8929991650949656,0.8932901068221067,0.8933007534107107,3,0.75,"(1, 1)",100000,0.1
208,0.7834462696745943,0.785241392743241,0.7859960552268245,0.8958088912789108,0.8961017695818216,0.8961514966401954,2,0.85,"(1, 1)",30000,0.1
208,0.7834462696745943,0.785241392743241,0.7859960552268245,0.8958088912789108,0.8961017695818216,0.8961514966401954,2,0.75,"(1, 1)",100000,0.1
208,0.7834462696745943,0.785241392743241,0.7859960552268245,0.8958088912789108,0.8961017695818216,0.8961514966401954,2,0.85,"(1, 1)",50000,0.1
208,0.7834462696745943,0.785241392743241,0.7859960552268245,0.8958088912789108,0.8961017695818216,0.8961514966401954,2,0.95,"(1, 1)",100000,0.1
208,0.7834462696745943,0.785241392743241,0.7859960552268245,0.8958088912789108,0.8961017695818216,0.8961514966401954,2,0.75,"(1, 1)",50000,0.1
208,0.7834462696745943,0.785241392743241,0.7859960552268245,0.8958088912789108,0.8961017695818216,0.8961514966401954,2,0.85,"(1, 1)",100000,0.1
208,0.7834462696745943,0.785241392743241,0.7859960552268245,0.8958088912789108,0.8961017695818216,0.8961514966401954,2,0.95,"(1, 1)",30000,0.1
208,0.7834462696745943,0.785241392743241,0.7859960552268245,0.8958088912789108,0.8961017695818216,0.8961514966401954,2,0.95,"(1, 1)",50000,0.1
208,0.7834462696745943,0.785241392743241,0.7859960552268245,0.8958088912789108,0.8961017695818216,0.8961514966401954,2,0.75,"(1, 1)",30000,0.1
